Index,MWh,Hora,Month,Year,Day
2025-05-01 00:00:00,1406.66,00:00,May,2025,Thursday
2025-05-01 01:00:00,1337.95,01:00,May,2025,Thursday
2025-05-01 02:00:00,1315.72,02:00,May,2025,Thursday
2025-05-01 03:00:00,1304.3,03:00,May,2025,Thursday
2025-05-01 04:00:00,1279.2,04:00,May,2025,Thursday
2025-05-01 05:00:00,1314.95,05:00,May,2025,Thursday
2025-05-01 06:00:00,1328.24,06:00,May,2025,Thursday
2025-05-01 07:00:00,1461.74,07:00,May,2025,Thursday
2025-05-01 08:00:00,1510.78,08:00,May,2025,Thursday
2025-05-01 09:00:00,1625.57,09:00,May,2025,Thursday
2025-05-01 10:00:00,1744.38,10:00,May,2025,Thursday
2025-05-01 11:00:00,1725.32,11:00,May,2025,Thursday
2025-05-01 12:00:00,1746.92,12:00,May,2025,Thursday
2025-05-01 13:00:00,1791.91,13:00,May,2025,Thursday
2025-05-01 14:00:00,1803.6,14:00,May,2025,Thursday
2025-05-01 15:00:00,1749.53,15:00,May,2025,Thursday
2025-05-01 16:00:00,1814.1,16:00,May,2025,Thursday
2025-05-01 17:00:00,1751.31,17:00,May,2025,Thursday
2025-05-01 18:00:00,1778.16,18:00,May,2025,Thursday
2025-05-01 19:00:00,2018.03,19:00,May,2025,Thursday
2025-05-01 20:00:00,1996.25,20:00,May,2025,Thursday
2025-05-01 21:00:00,1861.09,21:00,May,2025,Thursday
2025-05-01 22:00:00,1717.77,22:00,May,2025,Thursday
2025-05-01 23:00:00,1528.21,23:00,May,2025,Thursday
2025-05-02 00:00:00,1405.52,00:00,May,2025,Friday
2025-05-02 01:00:00,1348.21,01:00,May,2025,Friday
2025-05-02 02:00:00,1312.16,02:00,May,2025,Friday
2025-05-02 03:00:00,1277.51,03:00,May,2025,Friday
2025-05-02 04:00:00,1296.04,04:00,May,2025,Friday
2025-05-02 05:00:00,1345.62,05:00,May,2025,Friday
2025-05-02 06:00:00,1409.6,06:00,May,2025,Friday
2025-05-02 07:00:00,1523.59,07:00,May,2025,Friday
2025-05-02 08:00:00,1688.27,08:00,May,2025,Friday
2025-05-02 09:00:00,1840.25,09:00,May,2025,Friday
2025-05-02 10:00:00,1884.51,10:00,May,2025,Friday
2025-05-02 11:00:00,1911.05,11:00,May,2025,Friday
2025-05-02 12:00:00,1872.98,12:00,May,2025,Friday
2025-05-02 13:00:00,1815.57,13:00,May,2025,Friday
2025-05-02 14:00:00,1819.39,14:00,May,2025,Friday
2025-05-02 15:00:00,1840.28,15:00,May,2025,Friday
2025-05-02 16:00:00,1846.32,16:00,May,2025,Friday
2025-05-02 17:00:00,1839.05,17:00,May,2025,Friday
2025-05-02 18:00:00,1811.08,18:00,May,2025,Friday
2025-05-02 19:00:00,2016.7,19:00,May,2025,Friday
2025-05-02 20:00:00,1950.27,20:00,May,2025,Friday
2025-05-02 21:00:00,1860.04,21:00,May,2025,Friday
2025-05-02 22:00:00,1659.43,22:00,May,2025,Friday
2025-05-02 23:00:00,1540.2,23:00,May,2025,Friday
2025-05-03 00:00:00,1365.73,00:00,May,2025,Saturday
2025-05-03 01:00:00,1318.96,01:00,May,2025,Saturday
2025-05-03 02:00:00,1257.49,02:00,May,2025,Saturday
2025-05-03 03:00:00,1257.2,03:00,May,2025,Saturday
2025-05-03 04:00:00,1250.84,04:00,May,2025,Saturday
2025-05-03 05:00:00,1254.41,05:00,May,2025,Saturday
2025-05-03 06:00:00,1317.19,06:00,May,2025,Saturday
2025-05-03 07:00:00,1435.02,07:00,May,2025,Saturday
2025-05-03 08:00:00,1551.91,08:00,May,2025,Saturday
2025-05-03 09:00:00,1632.85,09:00,May,2025,Saturday
2025-05-03 10:00:00,1676.58,10:00,May,2025,Saturday
2025-05-03 11:00:00,1701.81,11:00,May,2025,Saturday
2025-05-03 12:00:00,1739.08,12:00,May,2025,Saturday
2025-05-03 13:00:00,1727.04,13:00,May,2025,Saturday
2025-05-03 14:00:00,1685.48,14:00,May,2025,Saturday
2025-05-03 15:00:00,1716.23,15:00,May,2025,Saturday
2025-05-03 16:00:00,1707.41,16:00,May,2025,Saturday
2025-05-03 17:00:00,1683.97,17:00,May,2025,Saturday
2025-05-03 18:00:00,1715.12,18:00,May,2025,Saturday
2025-05-03 19:00:00,1940.02,19:00,May,2025,Saturday
2025-05-03 20:00:00,1922.05,20:00,May,2025,Saturday
2025-05-03 21:00:00,1825.34,21:00,May,2025,Saturday
2025-05-03 22:00:00,1679.23,22:00,May,2025,Saturday
2025-05-03 23:00:00,1523.46,23:00,May,2025,Saturday
2025-05-04 00:00:00,1336.16,00:00,May,2025,Sunday
2025-05-04 01:00:00,1299.67,01:00,May,2025,Sunday
2025-05-04 02:00:00,1243.81,02:00,May,2025,Sunday
2025-05-04 03:00:00,1221.12,03:00,May,2025,Sunday
2025-05-04 04:00:00,1229.88,04:00,May,2025,Sunday
2025-05-04 05:00:00,1220.71,05:00,May,2025,Sunday
2025-05-04 06:00:00,1217.93,06:00,May,2025,Sunday
2025-05-04 07:00:00,1291.03,07:00,May,2025,Sunday
2025-05-04 08:00:00,1408.37,08:00,May,2025,Sunday
2025-05-04 09:00:00,1484.99,09:00,May,2025,Sunday
2025-05-04 10:00:00,1539.14,10:00,May,2025,Sunday
2025-05-04 11:00:00,1552.55,11:00,May,2025,Sunday
2025-05-04 12:00:00,1579.01,12:00,May,2025,Sunday
2025-05-04 13:00:00,1594.03,13:00,May,2025,Sunday
2025-05-04 14:00:00,1595.75,14:00,May,2025,Sunday
2025-05-04 15:00:00,1585.53,15:00,May,2025,Sunday
2025-05-04 16:00:00,1572.78,16:00,May,2025,Sunday
2025-05-04 17:00:00,1600.89,17:00,May,2025,Sunday
2025-05-04 18:00:00,1647.88,18:00,May,2025,Sunday
2025-05-04 19:00:00,1869.74,19:00,May,2025,Sunday
2025-05-04 20:00:00,1867.69,20:00,May,2025,Sunday
2025-05-04 21:00:00,1784.69,21:00,May,2025,Sunday
2025-05-04 22:00:00,1610.88,22:00,May,2025,Sunday
2025-05-04 23:00:00,1466.72,23:00,May,2025,Sunday
2025-05-05 00:00:00,1453.16,00:00,May,2025,Monday
2025-05-05 01:00:00,1245.32,01:00,May,2025,Monday
2025-05-05 02:00:00,1207.78,02:00,May,2025,Monday
2025-05-05 03:00:00,1182.33,03:00,May,2025,Monday
2025-05-05 04:00:00,1202.16,04:00,May,2025,Monday
2025-05-05 05:00:00,1289.01,05:00,May,2025,Monday
2025-05-05 06:00:00,1418.53,06:00,May,2025,Monday
2025-05-05 07:00:00,1574.64,07:00,May,2025,Monday
2025-05-05 08:00:00,1723.0,08:00,May,2025,Monday
2025-05-05 09:00:00,1842.86,09:00,May,2025,Monday
2025-05-05 10:00:00,1890.94,10:00,May,2025,Monday
2025-05-05 11:00:00,1921.16,11:00,May,2025,Monday
2025-05-05 12:00:00,1966.5,12:00,May,2025,Monday
2025-05-05 13:00:00,1945.74,13:00,May,2025,Monday
2025-05-05 14:00:00,1920.75,14:00,May,2025,Monday
2025-05-05 15:00:00,1995.7,15:00,May,2025,Monday
2025-05-05 16:00:00,1980.22,16:00,May,2025,Monday
2025-05-05 17:00:00,1939.23,17:00,May,2025,Monday
2025-05-05 18:00:00,1913.9,18:00,May,2025,Monday
2025-05-05 19:00:00,2084.4,19:00,May,2025,Monday
2025-05-05 20:00:00,2076.82,20:00,May,2025,Monday
2025-05-05 21:00:00,1971.74,21:00,May,2025,Monday
2025-05-05 22:00:00,1755.63,22:00,May,2025,Monday
2025-05-05 23:00:00,1602.03,23:00,May,2025,Monday
2025-05-06 00:00:00,1487.87,00:00,May,2025,Tuesday
2025-05-06 01:00:00,1381.8,01:00,May,2025,Tuesday
2025-05-06 02:00:00,1328.12,02:00,May,2025,Tuesday
2025-05-06 03:00:00,1310.24,03:00,May,2025,Tuesday
2025-05-06 04:00:00,1322.78,04:00,May,2025,Tuesday
2025-05-06 05:00:00,1393.2,05:00,May,2025,Tuesday
2025-05-06 06:00:00,1501.8,06:00,May,2025,Tuesday
2025-05-06 07:00:00,1637.47,07:00,May,2025,Tuesday
2025-05-06 08:00:00,1757.51,08:00,May,2025,Tuesday
2025-05-06 09:00:00,1871.43,09:00,May,2025,Tuesday
2025-05-06 10:00:00,1922.27,10:00,May,2025,Tuesday
2025-05-06 11:00:00,1988.21,11:00,May,2025,Tuesday
2025-05-06 12:00:00,1974.3,12:00,May,2025,Tuesday
2025-05-06 13:00:00,2007.99,13:00,May,2025,Tuesday
2025-05-06 14:00:00,2015.58,14:00,May,2025,Tuesday
2025-05-06 15:00:00,2034.16,15:00,May,2025,Tuesday
2025-05-06 16:00:00,2015.01,16:00,May,2025,Tuesday
2025-05-06 17:00:00,1988.86,17:00,May,2025,Tuesday
2025-05-06 18:00:00,1936.09,18:00,May,2025,Tuesday
2025-05-06 19:00:00,2091.53,19:00,May,2025,Tuesday
2025-05-06 20:00:00,2082.35,20:00,May,2025,Tuesday
2025-05-06 21:00:00,1990.39,21:00,May,2025,Tuesday
2025-05-06 22:00:00,1780.96,22:00,May,2025,Tuesday
2025-05-06 23:00:00,1639.84,23:00,May,2025,Tuesday
2025-05-07 00:00:00,1547.33,00:00,May,2025,Wednesday
2025-05-07 01:00:00,1440.35,01:00,May,2025,Wednesday
2025-05-07 02:00:00,1388.95,02:00,May,2025,Wednesday
2025-05-07 03:00:00,1370.78,03:00,May,2025,Wednesday
2025-05-07 04:00:00,1351.14,04:00,May,2025,Wednesday
2025-05-07 05:00:00,1439.61,05:00,May,2025,Wednesday
2025-05-07 06:00:00,1548.47,06:00,May,2025,Wednesday
2025-05-07 07:00:00,1706.51,07:00,May,2025,Wednesday
2025-05-07 08:00:00,1780.19,08:00,May,2025,Wednesday
2025-05-07 09:00:00,1911.02,09:00,May,2025,Wednesday
2025-05-07 10:00:00,1988.49,10:00,May,2025,Wednesday
2025-05-07 11:00:00,2028.41,11:00,May,2025,Wednesday
2025-05-07 12:00:00,1975.69,12:00,May,2025,Wednesday
2025-05-07 13:00:00,2009.11,13:00,May,2025,Wednesday
2025-05-07 14:00:00,2021.15,14:00,May,2025,Wednesday
2025-05-07 15:00:00,2045.89,15:00,May,2025,Wednesday
2025-05-07 16:00:00,2039.95,16:00,May,2025,Wednesday
2025-05-07 17:00:00,1993.95,17:00,May,2025,Wednesday
2025-05-07 18:00:00,1909.67,18:00,May,2025,Wednesday
2025-05-07 19:00:00,2139.75,19:00,May,2025,Wednesday
2025-05-07 20:00:00,2080.17,20:00,May,2025,Wednesday
2025-05-07 21:00:00,1978.6,21:00,May,2025,Wednesday
2025-05-07 22:00:00,1831.89,22:00,May,2025,Wednesday
2025-05-07 23:00:00,1714.22,23:00,May,2025,Wednesday
2025-05-08 00:00:00,1510.83,00:00,May,2025,Thursday
2025-05-08 01:00:00,1416.79,01:00,May,2025,Thursday
2025-05-08 02:00:00,1364.43,02:00,May,2025,Thursday
2025-05-08 03:00:00,1394.48,03:00,May,2025,Thursday
2025-05-08 04:00:00,1316.41,04:00,May,2025,Thursday
2025-05-08 05:00:00,1487.34,05:00,May,2025,Thursday
2025-05-08 06:00:00,1570.87,06:00,May,2025,Thursday
2025-05-08 07:00:00,1705.4,07:00,May,2025,Thursday
2025-05-08 08:00:00,1816.29,08:00,May,2025,Thursday
2025-05-08 09:00:00,1921.48,09:00,May,2025,Thursday
2025-05-08 10:00:00,1963.35,10:00,May,2025,Thursday
2025-05-08 11:00:00,2040.97,11:00,May,2025,Thursday
2025-05-08 12:00:00,2057.65,12:00,May,2025,Thursday
2025-05-08 13:00:00,2039.59,13:00,May,2025,Thursday
2025-05-08 14:00:00,2072.47,14:00,May,2025,Thursday
2025-05-08 15:00:00,2099.62,15:00,May,2025,Thursday
2025-05-08 16:00:00,2095.97,16:00,May,2025,Thursday
2025-05-08 17:00:00,2023.97,17:00,May,2025,Thursday
2025-05-08 18:00:00,1942.46,18:00,May,2025,Thursday
2025-05-08 19:00:00,2204.22,19:00,May,2025,Thursday
2025-05-08 20:00:00,2135.22,20:00,May,2025,Thursday
2025-05-08 21:00:00,2040.51,21:00,May,2025,Thursday
2025-05-08 22:00:00,1856.86,22:00,May,2025,Thursday
2025-05-08 23:00:00,1722.3,23:00,May,2025,Thursday
2025-05-09 00:00:00,1477.0,00:00,May,2025,Friday
2025-05-09 01:00:00,1445.14,01:00,May,2025,Friday
2025-05-09 02:00:00,1383.22,02:00,May,2025,Friday
2025-05-09 03:00:00,1371.39,03:00,May,2025,Friday
2025-05-09 04:00:00,1432.1,04:00,May,2025,Friday
2025-05-09 05:00:00,1423.99,05:00,May,2025,Friday
2025-05-09 06:00:00,1529.26,06:00,May,2025,Friday
2025-05-09 07:00:00,1667.5,07:00,May,2025,Friday
2025-05-09 08:00:00,1883.9,08:00,May,2025,Friday
2025-05-09 09:00:00,1910.98,09:00,May,2025,Friday
2025-05-09 10:00:00,2039.72,10:00,May,2025,Friday
2025-05-09 11:00:00,2062.49,11:00,May,2025,Friday
2025-05-09 12:00:00,2045.39,12:00,May,2025,Friday
2025-05-09 13:00:00,1978.81,13:00,May,2025,Friday
2025-05-09 14:00:00,2007.58,14:00,May,2025,Friday
2025-05-09 15:00:00,1963.78,15:00,May,2025,Friday
2025-05-09 16:00:00,2022.63,16:00,May,2025,Friday
2025-05-09 17:00:00,1882.42,17:00,May,2025,Friday
2025-05-09 18:00:00,1881.14,18:00,May,2025,Friday
2025-05-09 19:00:00,2029.57,19:00,May,2025,Friday
2025-05-09 20:00:00,2035.76,20:00,May,2025,Friday
2025-05-09 21:00:00,1865.48,21:00,May,2025,Friday
2025-05-09 22:00:00,1733.53,22:00,May,2025,Friday
2025-05-09 23:00:00,1573.79,23:00,May,2025,Friday
2025-05-10 00:00:00,1391.02,00:00,May,2025,Saturday
2025-05-10 01:00:00,1390.51,01:00,May,2025,Saturday
2025-05-10 02:00:00,1301.93,02:00,May,2025,Saturday
2025-05-10 03:00:00,1312.29,03:00,May,2025,Saturday
2025-05-10 04:00:00,1283.49,04:00,May,2025,Saturday
2025-05-10 05:00:00,1358.27,05:00,May,2025,Saturday
2025-05-10 06:00:00,1348.13,06:00,May,2025,Saturday
2025-05-10 07:00:00,1516.87,07:00,May,2025,Saturday
2025-05-10 08:00:00,1643.24,08:00,May,2025,Saturday
2025-05-10 09:00:00,1674.55,09:00,May,2025,Saturday
2025-05-10 10:00:00,1723.26,10:00,May,2025,Saturday
2025-05-10 11:00:00,1797.2,11:00,May,2025,Saturday
2025-05-10 12:00:00,1809.54,12:00,May,2025,Saturday
2025-05-10 13:00:00,1779.58,13:00,May,2025,Saturday
2025-05-10 14:00:00,1782.62,14:00,May,2025,Saturday
2025-05-10 15:00:00,1751.83,15:00,May,2025,Saturday
2025-05-10 16:00:00,1739.16,16:00,May,2025,Saturday
2025-05-10 17:00:00,1776.98,17:00,May,2025,Saturday
2025-05-10 18:00:00,1737.36,18:00,May,2025,Saturday
2025-05-10 19:00:00,1900.3,19:00,May,2025,Saturday
2025-05-10 20:00:00,1851.32,20:00,May,2025,Saturday
2025-05-10 21:00:00,1751.77,21:00,May,2025,Saturday
2025-05-10 22:00:00,1635.12,22:00,May,2025,Saturday
2025-05-10 23:00:00,1553.22,23:00,May,2025,Saturday
2025-05-11 00:00:00,1277.62,00:00,May,2025,Sunday
2025-05-11 01:00:00,1286.63,01:00,May,2025,Sunday
2025-05-11 02:00:00,1258.3,02:00,May,2025,Sunday
2025-05-11 03:00:00,1213.12,03:00,May,2025,Sunday
2025-05-11 04:00:00,1185.52,04:00,May,2025,Sunday
2025-05-11 05:00:00,1189.13,05:00,May,2025,Sunday
2025-05-11 06:00:00,1164.06,06:00,May,2025,Sunday
2025-05-11 07:00:00,1327.61,07:00,May,2025,Sunday
2025-05-11 08:00:00,1382.61,08:00,May,2025,Sunday
2025-05-11 09:00:00,1474.04,09:00,May,2025,Sunday
2025-05-11 10:00:00,1522.32,10:00,May,2025,Sunday
2025-05-11 11:00:00,1564.59,11:00,May,2025,Sunday
2025-05-11 12:00:00,1517.95,12:00,May,2025,Sunday
2025-05-11 13:00:00,1580.21,13:00,May,2025,Sunday
2025-05-11 14:00:00,1543.1,14:00,May,2025,Sunday
2025-05-11 15:00:00,1529.6,15:00,May,2025,Sunday
2025-05-11 16:00:00,1585.44,16:00,May,2025,Sunday
2025-05-11 17:00:00,1554.35,17:00,May,2025,Sunday
2025-05-11 18:00:00,1599.99,18:00,May,2025,Sunday
2025-05-11 19:00:00,1808.55,19:00,May,2025,Sunday
2025-05-11 20:00:00,1818.78,20:00,May,2025,Sunday
2025-05-11 21:00:00,1707.99,21:00,May,2025,Sunday
2025-05-11 22:00:00,1577.84,22:00,May,2025,Sunday
2025-05-11 23:00:00,1435.46,23:00,May,2025,Sunday
2025-05-12 00:00:00,1394.04,00:00,May,2025,Monday
2025-05-12 01:00:00,1226.0,01:00,May,2025,Monday
2025-05-12 02:00:00,1181.82,02:00,May,2025,Monday
2025-05-12 03:00:00,1172.07,03:00,May,2025,Monday
2025-05-12 04:00:00,1201.85,04:00,May,2025,Monday
2025-05-12 05:00:00,1242.17,05:00,May,2025,Monday
2025-05-12 06:00:00,1410.41,06:00,May,2025,Monday
2025-05-12 07:00:00,1508.74,07:00,May,2025,Monday
2025-05-12 08:00:00,1662.47,08:00,May,2025,Monday
2025-05-12 09:00:00,1744.44,09:00,May,2025,Monday
2025-05-12 10:00:00,1853.12,10:00,May,2025,Monday
2025-05-12 11:00:00,1883.56,11:00,May,2025,Monday
2025-05-12 12:00:00,1913.84,12:00,May,2025,Monday
2025-05-12 13:00:00,1889.27,13:00,May,2025,Monday
2025-05-12 14:00:00,1874.43,14:00,May,2025,Monday
2025-05-12 15:00:00,1895.47,15:00,May,2025,Monday
2025-05-12 16:00:00,1960.08,16:00,May,2025,Monday
2025-05-12 17:00:00,1961.6,17:00,May,2025,Monday
2025-05-12 18:00:00,1820.32,18:00,May,2025,Monday
2025-05-12 19:00:00,2076.22,19:00,May,2025,Monday
2025-05-12 20:00:00,2059.1,20:00,May,2025,Monday
2025-05-12 21:00:00,1935.1,21:00,May,2025,Monday
2025-05-12 22:00:00,1742.59,22:00,May,2025,Monday
2025-05-12 23:00:00,1589.05,23:00,May,2025,Monday
2025-05-13 00:00:00,1433.19,00:00,May,2025,Tuesday
2025-05-13 01:00:00,1372.17,01:00,May,2025,Tuesday
2025-05-13 02:00:00,1339.41,02:00,May,2025,Tuesday
2025-05-13 03:00:00,1303.22,03:00,May,2025,Tuesday
2025-05-13 04:00:00,1337.11,04:00,May,2025,Tuesday
2025-05-13 05:00:00,1349.57,05:00,May,2025,Tuesday
2025-05-13 06:00:00,1495.81,06:00,May,2025,Tuesday
2025-05-13 07:00:00,1588.97,07:00,May,2025,Tuesday
2025-05-13 08:00:00,1744.87,08:00,May,2025,Tuesday
2025-05-13 09:00:00,1822.77,09:00,May,2025,Tuesday
2025-05-13 10:00:00,1906.71,10:00,May,2025,Tuesday
2025-05-13 11:00:00,1970.13,11:00,May,2025,Tuesday
2025-05-13 12:00:00,1964.65,12:00,May,2025,Tuesday
2025-05-13 13:00:00,1922.0,13:00,May,2025,Tuesday
2025-05-13 14:00:00,2011.75,14:00,May,2025,Tuesday
2025-05-13 15:00:00,2038.92,15:00,May,2025,Tuesday
2025-05-13 16:00:00,2017.2,16:00,May,2025,Tuesday
2025-05-13 17:00:00,2002.02,17:00,May,2025,Tuesday
2025-05-13 18:00:00,1915.18,18:00,May,2025,Tuesday
2025-05-13 19:00:00,2111.24,19:00,May,2025,Tuesday
2025-05-13 20:00:00,2080.51,20:00,May,2025,Tuesday
2025-05-13 21:00:00,1956.72,21:00,May,2025,Tuesday
2025-05-13 22:00:00,1778.68,22:00,May,2025,Tuesday
2025-05-13 23:00:00,1610.01,23:00,May,2025,Tuesday
2025-05-14 00:00:00,1419.4,00:00,May,2025,Wednesday
2025-05-14 01:00:00,1368.84,01:00,May,2025,Wednesday
2025-05-14 02:00:00,1282.39,02:00,May,2025,Wednesday
2025-05-14 03:00:00,1297.26,03:00,May,2025,Wednesday
2025-05-14 04:00:00,1295.51,04:00,May,2025,Wednesday
2025-05-14 05:00:00,1349.92,05:00,May,2025,Wednesday
2025-05-14 06:00:00,1467.54,06:00,May,2025,Wednesday
2025-05-14 07:00:00,1591.42,07:00,May,2025,Wednesday
2025-05-14 08:00:00,1734.46,08:00,May,2025,Wednesday
2025-05-14 09:00:00,1835.75,09:00,May,2025,Wednesday
2025-05-14 10:00:00,1893.9,10:00,May,2025,Wednesday
2025-05-14 11:00:00,1905.82,11:00,May,2025,Wednesday
2025-05-14 12:00:00,1866.71,12:00,May,2025,Wednesday
2025-05-14 13:00:00,2014.36,13:00,May,2025,Wednesday
2025-05-14 14:00:00,2005.54,14:00,May,2025,Wednesday
2025-05-14 15:00:00,2053.63,15:00,May,2025,Wednesday
2025-05-14 16:00:00,2002.65,16:00,May,2025,Wednesday
2025-05-14 17:00:00,1923.59,17:00,May,2025,Wednesday
2025-05-14 18:00:00,1859.16,18:00,May,2025,Wednesday
2025-05-14 19:00:00,2076.23,19:00,May,2025,Wednesday
2025-05-14 20:00:00,2068.96,20:00,May,2025,Wednesday
2025-05-14 21:00:00,1939.34,21:00,May,2025,Wednesday
2025-05-14 22:00:00,1767.29,22:00,May,2025,Wednesday
2025-05-14 23:00:00,1645.12,23:00,May,2025,Wednesday
2025-05-15 00:00:00,1482.86,00:00,May,2025,Thursday
2025-05-15 01:00:00,1369.52,01:00,May,2025,Thursday
2025-05-15 02:00:00,1375.88,02:00,May,2025,Thursday
2025-05-15 03:00:00,1346.05,03:00,May,2025,Thursday
2025-05-15 04:00:00,1354.64,04:00,May,2025,Thursday
2025-05-15 05:00:00,1460.23,05:00,May,2025,Thursday
2025-05-15 06:00:00,1566.0,06:00,May,2025,Thursday
2025-05-15 07:00:00,1658.86,07:00,May,2025,Thursday
2025-05-15 08:00:00,1800.45,08:00,May,2025,Thursday
2025-05-15 09:00:00,1902.21,09:00,May,2025,Thursday
2025-05-15 10:00:00,1946.7,10:00,May,2025,Thursday
2025-05-15 11:00:00,1962.08,11:00,May,2025,Thursday
2025-05-15 12:00:00,2042.25,12:00,May,2025,Thursday
2025-05-15 13:00:00,2021.11,13:00,May,2025,Thursday
2025-05-15 14:00:00,2026.33,14:00,May,2025,Thursday
2025-05-15 15:00:00,2025.37,15:00,May,2025,Thursday
2025-05-15 16:00:00,2031.58,16:00,May,2025,Thursday
2025-05-15 17:00:00,1976.09,17:00,May,2025,Thursday
2025-05-15 18:00:00,1894.07,18:00,May,2025,Thursday
2025-05-15 19:00:00,2128.72,19:00,May,2025,Thursday
2025-05-15 20:00:00,2101.58,20:00,May,2025,Thursday
2025-05-15 21:00:00,1983.22,21:00,May,2025,Thursday
2025-05-15 22:00:00,1788.99,22:00,May,2025,Thursday
2025-05-15 23:00:00,1628.27,23:00,May,2025,Thursday
2025-05-16 00:00:00,1501.26,00:00,May,2025,Friday
2025-05-16 01:00:00,1391.19,01:00,May,2025,Friday
2025-05-16 02:00:00,1391.98,02:00,May,2025,Friday
2025-05-16 03:00:00,1326.0,03:00,May,2025,Friday
2025-05-16 04:00:00,1367.03,04:00,May,2025,Friday
2025-05-16 05:00:00,1420.18,05:00,May,2025,Friday
2025-05-16 06:00:00,1524.41,06:00,May,2025,Friday
2025-05-16 07:00:00,1669.05,07:00,May,2025,Friday
2025-05-16 08:00:00,1825.55,08:00,May,2025,Friday
2025-05-16 09:00:00,1913.55,09:00,May,2025,Friday
2025-05-16 10:00:00,1965.55,10:00,May,2025,Friday
2025-05-16 11:00:00,1953.91,11:00,May,2025,Friday
2025-05-16 12:00:00,2019.17,12:00,May,2025,Friday
2025-05-16 13:00:00,1990.49,13:00,May,2025,Friday
2025-05-16 14:00:00,1972.39,14:00,May,2025,Friday
2025-05-16 15:00:00,2027.84,15:00,May,2025,Friday
2025-05-16 16:00:00,2021.9,16:00,May,2025,Friday
2025-05-16 17:00:00,1962.9,17:00,May,2025,Friday
2025-05-16 18:00:00,1888.05,18:00,May,2025,Friday
2025-05-16 19:00:00,2071.17,19:00,May,2025,Friday
2025-05-16 20:00:00,2068.97,20:00,May,2025,Friday
2025-05-16 21:00:00,1959.67,21:00,May,2025,Friday
2025-05-16 22:00:00,1763.0,22:00,May,2025,Friday
2025-05-16 23:00:00,1617.8,23:00,May,2025,Friday
2025-05-17 00:00:00,1510.28,00:00,May,2025,Saturday
2025-05-17 01:00:00,1457.99,01:00,May,2025,Saturday
2025-05-17 02:00:00,1413.08,02:00,May,2025,Saturday
2025-05-17 03:00:00,1391.37,03:00,May,2025,Saturday
2025-05-17 04:00:00,1320.17,04:00,May,2025,Saturday
2025-05-17 05:00:00,1414.12,05:00,May,2025,Saturday
2025-05-17 06:00:00,1405.69,06:00,May,2025,Saturday
2025-05-17 07:00:00,1546.95,07:00,May,2025,Saturday
2025-05-17 08:00:00,1692.73,08:00,May,2025,Saturday
2025-05-17 09:00:00,1770.58,09:00,May,2025,Saturday
2025-05-17 10:00:00,1786.58,10:00,May,2025,Saturday
2025-05-17 11:00:00,1819.05,11:00,May,2025,Saturday
2025-05-17 12:00:00,1816.54,12:00,May,2025,Saturday
2025-05-17 13:00:00,1792.81,13:00,May,2025,Saturday
2025-05-17 14:00:00,1834.12,14:00,May,2025,Saturday
2025-05-17 15:00:00,1724.39,15:00,May,2025,Saturday
2025-05-17 16:00:00,1803.13,16:00,May,2025,Saturday
2025-05-17 17:00:00,1807.27,17:00,May,2025,Saturday
2025-05-17 18:00:00,1754.01,18:00,May,2025,Saturday
2025-05-17 19:00:00,1983.8,19:00,May,2025,Saturday
2025-05-17 20:00:00,1999.99,20:00,May,2025,Saturday
2025-05-17 21:00:00,1883.07,21:00,May,2025,Saturday
2025-05-17 22:00:00,1683.53,22:00,May,2025,Saturday
2025-05-17 23:00:00,1560.57,23:00,May,2025,Saturday
2025-05-18 00:00:00,1358.74,00:00,May,2025,Sunday
2025-05-18 01:00:00,1339.77,01:00,May,2025,Sunday
2025-05-18 02:00:00,1323.19,02:00,May,2025,Sunday
2025-05-18 03:00:00,1247.24,03:00,May,2025,Sunday
2025-05-18 04:00:00,1278.31,04:00,May,2025,Sunday
2025-05-18 05:00:00,1261.71,05:00,May,2025,Sunday
2025-05-18 06:00:00,1224.2,06:00,May,2025,Sunday
2025-05-18 07:00:00,1289.24,07:00,May,2025,Sunday
2025-05-18 08:00:00,1405.69,08:00,May,2025,Sunday
2025-05-18 09:00:00,1513.34,09:00,May,2025,Sunday
2025-05-18 10:00:00,1534.63,10:00,May,2025,Sunday
2025-05-18 11:00:00,1610.6,11:00,May,2025,Sunday
2025-05-18 12:00:00,1613.57,12:00,May,2025,Sunday
2025-05-18 13:00:00,1618.77,13:00,May,2025,Sunday
2025-05-18 14:00:00,1632.42,14:00,May,2025,Sunday
2025-05-18 15:00:00,1624.3,15:00,May,2025,Sunday
2025-05-18 16:00:00,1631.21,16:00,May,2025,Sunday
2025-05-18 17:00:00,1617.27,17:00,May,2025,Sunday
2025-05-18 18:00:00,1640.23,18:00,May,2025,Sunday
2025-05-18 19:00:00,1874.24,19:00,May,2025,Sunday
2025-05-18 20:00:00,1902.93,20:00,May,2025,Sunday
2025-05-18 21:00:00,1831.93,21:00,May,2025,Sunday
2025-05-18 22:00:00,1640.24,22:00,May,2025,Sunday
2025-05-18 23:00:00,1540.49,23:00,May,2025,Sunday
2025-05-19 00:00:00,1536.14,00:00,May,2025,Monday
2025-05-19 01:00:00,1291.05,01:00,May,2025,Monday
2025-05-19 02:00:00,1218.96,02:00,May,2025,Monday
2025-05-19 03:00:00,1254.89,03:00,May,2025,Monday
2025-05-19 04:00:00,1275.65,04:00,May,2025,Monday
2025-05-19 05:00:00,1351.41,05:00,May,2025,Monday
2025-05-19 06:00:00,1436.76,06:00,May,2025,Monday
2025-05-19 07:00:00,1649.96,07:00,May,2025,Monday
2025-05-19 08:00:00,1749.06,08:00,May,2025,Monday
2025-05-19 09:00:00,1865.09,09:00,May,2025,Monday
2025-05-19 10:00:00,1922.09,10:00,May,2025,Monday
2025-05-19 11:00:00,1984.78,11:00,May,2025,Monday
2025-05-19 12:00:00,1972.7,12:00,May,2025,Monday
2025-05-19 13:00:00,1999.42,13:00,May,2025,Monday
2025-05-19 14:00:00,2038.11,14:00,May,2025,Monday
2025-05-19 15:00:00,2052.44,15:00,May,2025,Monday
2025-05-19 16:00:00,2044.02,16:00,May,2025,Monday
2025-05-19 17:00:00,2032.93,17:00,May,2025,Monday
2025-05-19 18:00:00,1925.06,18:00,May,2025,Monday
2025-05-19 19:00:00,2120.19,19:00,May,2025,Monday
2025-05-19 20:00:00,2120.05,20:00,May,2025,Monday
2025-05-19 21:00:00,1994.35,21:00,May,2025,Monday
2025-05-19 22:00:00,1828.05,22:00,May,2025,Monday
2025-05-19 23:00:00,1691.06,23:00,May,2025,Monday
2025-05-20 00:00:00,1525.35,00:00,May,2025,Tuesday
2025-05-20 01:00:00,1436.69,01:00,May,2025,Tuesday
2025-05-20 02:00:00,1389.62,02:00,May,2025,Tuesday
2025-05-20 03:00:00,1400.44,03:00,May,2025,Tuesday
2025-05-20 04:00:00,1359.92,04:00,May,2025,Tuesday
2025-05-20 05:00:00,1437.79,05:00,May,2025,Tuesday
2025-05-20 06:00:00,1558.14,06:00,May,2025,Tuesday
2025-05-20 07:00:00,1682.63,07:00,May,2025,Tuesday
2025-05-20 08:00:00,1826.84,08:00,May,2025,Tuesday
2025-05-20 09:00:00,1859.84,09:00,May,2025,Tuesday
2025-05-20 10:00:00,1968.74,10:00,May,2025,Tuesday
2025-05-20 11:00:00,1981.43,11:00,May,2025,Tuesday
2025-05-20 12:00:00,2044.02,12:00,May,2025,Tuesday
2025-05-20 13:00:00,2004.86,13:00,May,2025,Tuesday
2025-05-20 14:00:00,1973.55,14:00,May,2025,Tuesday
2025-05-20 15:00:00,2075.6,15:00,May,2025,Tuesday
2025-05-20 16:00:00,2097.11,16:00,May,2025,Tuesday
2025-05-20 17:00:00,2046.55,17:00,May,2025,Tuesday
2025-05-20 18:00:00,1965.29,18:00,May,2025,Tuesday
2025-05-20 19:00:00,2101.21,19:00,May,2025,Tuesday
2025-05-20 20:00:00,2109.64,20:00,May,2025,Tuesday
2025-05-20 21:00:00,2015.16,21:00,May,2025,Tuesday
2025-05-20 22:00:00,1837.96,22:00,May,2025,Tuesday
2025-05-20 23:00:00,1660.24,23:00,May,2025,Tuesday
2025-05-21 00:00:00,1569.87,00:00,May,2025,Wednesday
2025-05-21 01:00:00,1427.06,01:00,May,2025,Wednesday
2025-05-21 02:00:00,1423.09,02:00,May,2025,Wednesday
2025-05-21 03:00:00,1440.81,03:00,May,2025,Wednesday
2025-05-21 04:00:00,1378.32,04:00,May,2025,Wednesday
2025-05-21 05:00:00,1488.71,05:00,May,2025,Wednesday
2025-05-21 06:00:00,1616.14,06:00,May,2025,Wednesday
2025-05-21 07:00:00,1691.93,07:00,May,2025,Wednesday
2025-05-21 08:00:00,1861.39,08:00,May,2025,Wednesday
2025-05-21 09:00:00,1891.24,09:00,May,2025,Wednesday
2025-05-21 10:00:00,1971.55,10:00,May,2025,Wednesday
2025-05-21 11:00:00,2022.39,11:00,May,2025,Wednesday
2025-05-21 12:00:00,2059.65,12:00,May,2025,Wednesday
2025-05-21 13:00:00,2033.65,13:00,May,2025,Wednesday
2025-05-21 14:00:00,2018.27,14:00,May,2025,Wednesday
2025-05-21 15:00:00,2075.09,15:00,May,2025,Wednesday
2025-05-21 16:00:00,2072.27,16:00,May,2025,Wednesday
2025-05-21 17:00:00,1990.91,17:00,May,2025,Wednesday
2025-05-21 18:00:00,1947.26,18:00,May,2025,Wednesday
2025-05-21 19:00:00,2116.15,19:00,May,2025,Wednesday
2025-05-21 20:00:00,2084.93,20:00,May,2025,Wednesday
2025-05-21 21:00:00,2018.61,21:00,May,2025,Wednesday
2025-05-21 22:00:00,1854.99,22:00,May,2025,Wednesday
2025-05-21 23:00:00,1726.68,23:00,May,2025,Wednesday
2025-05-22 00:00:00,1515.4,00:00,May,2025,Thursday
2025-05-22 01:00:00,1488.48,01:00,May,2025,Thursday
2025-05-22 02:00:00,1430.28,02:00,May,2025,Thursday
2025-05-22 03:00:00,1408.16,03:00,May,2025,Thursday
2025-05-22 04:00:00,1384.18,04:00,May,2025,Thursday
2025-05-22 05:00:00,1489.46,05:00,May,2025,Thursday
2025-05-22 06:00:00,1584.04,06:00,May,2025,Thursday
2025-05-22 07:00:00,1666.31,07:00,May,2025,Thursday
2025-05-22 08:00:00,1825.44,08:00,May,2025,Thursday
2025-05-22 09:00:00,1918.04,09:00,May,2025,Thursday
2025-05-22 10:00:00,1993.23,10:00,May,2025,Thursday
2025-05-22 11:00:00,2041.6,11:00,May,2025,Thursday
2025-05-22 12:00:00,2002.73,12:00,May,2025,Thursday
2025-05-22 13:00:00,2022.63,13:00,May,2025,Thursday
2025-05-22 14:00:00,2050.41,14:00,May,2025,Thursday
2025-05-22 15:00:00,2114.67,15:00,May,2025,Thursday
2025-05-22 16:00:00,2083.73,16:00,May,2025,Thursday
2025-05-22 17:00:00,2075.59,17:00,May,2025,Thursday
2025-05-22 18:00:00,1958.11,18:00,May,2025,Thursday
2025-05-22 19:00:00,2190.28,19:00,May,2025,Thursday
2025-05-22 20:00:00,2151.28,20:00,May,2025,Thursday
2025-05-22 21:00:00,2041.17,21:00,May,2025,Thursday
2025-05-22 22:00:00,1842.65,22:00,May,2025,Thursday
2025-05-22 23:00:00,1692.35,23:00,May,2025,Thursday
2025-05-23 00:00:00,1491.45,00:00,May,2025,Friday
2025-05-23 01:00:00,1457.92,01:00,May,2025,Friday
2025-05-23 02:00:00,1454.05,02:00,May,2025,Friday
2025-05-23 03:00:00,1395.3,03:00,May,2025,Friday
2025-05-23 04:00:00,1393.03,04:00,May,2025,Friday
2025-05-23 05:00:00,1484.92,05:00,May,2025,Friday
2025-05-23 06:00:00,1564.49,06:00,May,2025,Friday
2025-05-23 07:00:00,1726.16,07:00,May,2025,Friday
2025-05-23 08:00:00,1820.46,08:00,May,2025,Friday
2025-05-23 09:00:00,1895.04,09:00,May,2025,Friday
2025-05-23 10:00:00,1983.23,10:00,May,2025,Friday
2025-05-23 11:00:00,2044.74,11:00,May,2025,Friday
2025-05-23 12:00:00,2019.1,12:00,May,2025,Friday
2025-05-23 13:00:00,2028.52,13:00,May,2025,Friday
2025-05-23 14:00:00,2026.44,14:00,May,2025,Friday
2025-05-23 15:00:00,2056.62,15:00,May,2025,Friday
2025-05-23 16:00:00,1987.85,16:00,May,2025,Friday
2025-05-23 17:00:00,1922.03,17:00,May,2025,Friday
2025-05-23 18:00:00,1800.41,18:00,May,2025,Friday
2025-05-23 19:00:00,2055.95,19:00,May,2025,Friday
2025-05-23 20:00:00,2010.09,20:00,May,2025,Friday
2025-05-23 21:00:00,1888.54,21:00,May,2025,Friday
2025-05-23 22:00:00,1738.5,22:00,May,2025,Friday
2025-05-23 23:00:00,1648.13,23:00,May,2025,Friday
2025-05-24 00:00:00,1427.21,00:00,May,2025,Saturday
2025-05-24 01:00:00,1419.04,01:00,May,2025,Saturday
2025-05-24 02:00:00,1376.06,02:00,May,2025,Saturday
2025-05-24 03:00:00,1344.75,03:00,May,2025,Saturday
2025-05-24 04:00:00,1307.82,04:00,May,2025,Saturday
2025-05-24 05:00:00,1341.26,05:00,May,2025,Saturday
2025-05-24 06:00:00,1391.98,06:00,May,2025,Saturday
2025-05-24 07:00:00,1547.68,07:00,May,2025,Saturday
2025-05-24 08:00:00,1717.33,08:00,May,2025,Saturday
2025-05-24 09:00:00,1761.35,09:00,May,2025,Saturday
2025-05-24 10:00:00,1811.07,10:00,May,2025,Saturday
2025-05-24 11:00:00,1885.31,11:00,May,2025,Saturday
2025-05-24 12:00:00,1871.1,12:00,May,2025,Saturday
2025-05-24 13:00:00,1817.55,13:00,May,2025,Saturday
2025-05-24 14:00:00,1783.33,14:00,May,2025,Saturday
2025-05-24 15:00:00,1848.62,15:00,May,2025,Saturday
2025-05-24 16:00:00,1801.96,16:00,May,2025,Saturday
2025-05-24 17:00:00,1764.48,17:00,May,2025,Saturday
2025-05-24 18:00:00,1770.39,18:00,May,2025,Saturday
2025-05-24 19:00:00,1969.88,19:00,May,2025,Saturday
2025-05-24 20:00:00,1959.82,20:00,May,2025,Saturday
2025-05-24 21:00:00,1885.92,21:00,May,2025,Saturday
2025-05-24 22:00:00,1698.53,22:00,May,2025,Saturday
2025-05-24 23:00:00,1598.84,23:00,May,2025,Saturday
2025-05-25 00:00:00,1356.54,00:00,May,2025,Sunday
2025-05-25 01:00:00,1397.54,01:00,May,2025,Sunday
2025-05-25 02:00:00,1336.29,02:00,May,2025,Sunday
2025-05-25 03:00:00,1329.26,03:00,May,2025,Sunday
2025-05-25 04:00:00,1297.87,04:00,May,2025,Sunday
2025-05-25 05:00:00,1298.2,05:00,May,2025,Sunday
2025-05-25 06:00:00,1272.83,06:00,May,2025,Sunday
2025-05-25 07:00:00,1367.64,07:00,May,2025,Sunday
2025-05-25 08:00:00,1460.57,08:00,May,2025,Sunday
2025-05-25 09:00:00,1567.06,09:00,May,2025,Sunday
2025-05-25 10:00:00,1553.94,10:00,May,2025,Sunday
2025-05-25 11:00:00,1655.96,11:00,May,2025,Sunday
2025-05-25 12:00:00,1607.89,12:00,May,2025,Sunday
2025-05-25 13:00:00,1606.38,13:00,May,2025,Sunday
2025-05-25 14:00:00,1633.97,14:00,May,2025,Sunday
2025-05-25 15:00:00,1648.56,15:00,May,2025,Sunday
2025-05-25 16:00:00,1675.72,16:00,May,2025,Sunday
2025-05-25 17:00:00,1609.32,17:00,May,2025,Sunday
2025-05-25 18:00:00,1629.23,18:00,May,2025,Sunday
2025-05-25 19:00:00,1864.51,19:00,May,2025,Sunday
2025-05-25 20:00:00,1857.5,20:00,May,2025,Sunday
2025-05-25 21:00:00,1769.92,21:00,May,2025,Sunday
2025-05-25 22:00:00,1621.26,22:00,May,2025,Sunday
2025-05-25 23:00:00,1498.67,23:00,May,2025,Sunday
2025-05-26 00:00:00,1481.97,00:00,May,2025,Monday
2025-05-26 01:00:00,1309.84,01:00,May,2025,Monday
2025-05-26 02:00:00,1271.54,02:00,May,2025,Monday
2025-05-26 03:00:00,1213.71,03:00,May,2025,Monday
2025-05-26 04:00:00,1269.57,04:00,May,2025,Monday
2025-05-26 05:00:00,1345.25,05:00,May,2025,Monday
2025-05-26 06:00:00,1443.14,06:00,May,2025,Monday
2025-05-26 07:00:00,1654.65,07:00,May,2025,Monday
2025-05-26 08:00:00,1742.02,08:00,May,2025,Monday
2025-05-26 09:00:00,1862.88,09:00,May,2025,Monday
2025-05-26 10:00:00,1927.43,10:00,May,2025,Monday
2025-05-26 11:00:00,2012.68,11:00,May,2025,Monday
2025-05-26 12:00:00,1962.9,12:00,May,2025,Monday
2025-05-26 13:00:00,1991.99,13:00,May,2025,Monday
2025-05-26 14:00:00,2008.31,14:00,May,2025,Monday
2025-05-26 15:00:00,2047.68,15:00,May,2025,Monday
2025-05-26 16:00:00,2033.35,16:00,May,2025,Monday
2025-05-26 17:00:00,2020.04,17:00,May,2025,Monday
2025-05-26 18:00:00,1861.32,18:00,May,2025,Monday
2025-05-26 19:00:00,2122.54,19:00,May,2025,Monday
2025-05-26 20:00:00,2101.99,20:00,May,2025,Monday
2025-05-26 21:00:00,1996.11,21:00,May,2025,Monday
2025-05-26 22:00:00,1788.26,22:00,May,2025,Monday
2025-05-26 23:00:00,1614.0,23:00,May,2025,Monday
2025-05-27 00:00:00,1507.42,00:00,May,2025,Tuesday
2025-05-27 01:00:00,1442.58,01:00,May,2025,Tuesday
2025-05-27 02:00:00,1396.3,02:00,May,2025,Tuesday
2025-05-27 03:00:00,1354.14,03:00,May,2025,Tuesday
2025-05-27 04:00:00,1342.3,04:00,May,2025,Tuesday
2025-05-27 05:00:00,1454.76,05:00,May,2025,Tuesday
2025-05-27 06:00:00,1518.11,06:00,May,2025,Tuesday
2025-05-27 07:00:00,1698.86,07:00,May,2025,Tuesday
2025-05-27 08:00:00,1811.2,08:00,May,2025,Tuesday
2025-05-27 09:00:00,1923.79,09:00,May,2025,Tuesday
2025-05-27 10:00:00,1904.63,10:00,May,2025,Tuesday
2025-05-27 11:00:00,1976.07,11:00,May,2025,Tuesday
2025-05-27 12:00:00,1987.08,12:00,May,2025,Tuesday
2025-05-27 13:00:00,2016.86,13:00,May,2025,Tuesday
2025-05-27 14:00:00,2026.28,14:00,May,2025,Tuesday
2025-05-27 15:00:00,2032.85,15:00,May,2025,Tuesday
2025-05-27 16:00:00,2059.83,16:00,May,2025,Tuesday
2025-05-27 17:00:00,2001.6,17:00,May,2025,Tuesday
2025-05-27 18:00:00,1927.05,18:00,May,2025,Tuesday
2025-05-27 19:00:00,2142.62,19:00,May,2025,Tuesday
2025-05-27 20:00:00,2127.77,20:00,May,2025,Tuesday
2025-05-27 21:00:00,2001.24,21:00,May,2025,Tuesday
2025-05-27 22:00:00,1832.24,22:00,May,2025,Tuesday
2025-05-27 23:00:00,1629.17,23:00,May,2025,Tuesday
2025-05-28 00:00:00,1484.42,00:00,May,2025,Wednesday
2025-05-28 01:00:00,1457.62,01:00,May,2025,Wednesday
2025-05-28 02:00:00,1384.54,02:00,May,2025,Wednesday
2025-05-28 03:00:00,1357.15,03:00,May,2025,Wednesday
2025-05-28 04:00:00,1422.44,04:00,May,2025,Wednesday
2025-05-28 05:00:00,1453.64,05:00,May,2025,Wednesday
2025-05-28 06:00:00,1612.39,06:00,May,2025,Wednesday
2025-05-28 07:00:00,1712.79,07:00,May,2025,Wednesday
2025-05-28 08:00:00,1808.63,08:00,May,2025,Wednesday
2025-05-28 09:00:00,1936.77,09:00,May,2025,Wednesday
2025-05-28 10:00:00,2002.74,10:00,May,2025,Wednesday
2025-05-28 11:00:00,2021.9,11:00,May,2025,Wednesday
2025-05-28 12:00:00,2048.97,12:00,May,2025,Wednesday
2025-05-28 13:00:00,2005.79,13:00,May,2025,Wednesday
2025-05-28 14:00:00,1977.52,14:00,May,2025,Wednesday
2025-05-28 15:00:00,2089.89,15:00,May,2025,Wednesday
2025-05-28 16:00:00,2027.98,16:00,May,2025,Wednesday
2025-05-28 17:00:00,1948.91,17:00,May,2025,Wednesday
2025-05-28 18:00:00,1886.16,18:00,May,2025,Wednesday
2025-05-28 19:00:00,2069.19,19:00,May,2025,Wednesday
2025-05-28 20:00:00,2091.43,20:00,May,2025,Wednesday
2025-05-28 21:00:00,1945.08,21:00,May,2025,Wednesday
2025-05-28 22:00:00,1816.14,22:00,May,2025,Wednesday
2025-05-28 23:00:00,1598.96,23:00,May,2025,Wednesday
2025-05-29 00:00:00,1527.98,00:00,May,2025,Thursday
2025-05-29 01:00:00,1428.96,01:00,May,2025,Thursday
2025-05-29 02:00:00,1387.07,02:00,May,2025,Thursday
2025-05-29 03:00:00,1356.72,03:00,May,2025,Thursday
2025-05-29 04:00:00,1388.28,04:00,May,2025,Thursday
2025-05-29 05:00:00,1444.96,05:00,May,2025,Thursday
2025-05-29 06:00:00,1561.41,06:00,May,2025,Thursday
2025-05-29 07:00:00,1650.49,07:00,May,2025,Thursday
2025-05-29 08:00:00,1851.17,08:00,May,2025,Thursday
2025-05-29 09:00:00,1938.35,09:00,May,2025,Thursday
2025-05-29 10:00:00,1928.25,10:00,May,2025,Thursday
2025-05-29 11:00:00,2015.22,11:00,May,2025,Thursday
2025-05-29 12:00:00,2059.26,12:00,May,2025,Thursday
2025-05-29 13:00:00,2023.98,13:00,May,2025,Thursday
2025-05-29 14:00:00,1954.73,14:00,May,2025,Thursday
2025-05-29 15:00:00,1976.72,15:00,May,2025,Thursday
2025-05-29 16:00:00,1961.13,16:00,May,2025,Thursday
2025-05-29 17:00:00,1893.94,17:00,May,2025,Thursday
2025-05-29 18:00:00,1847.32,18:00,May,2025,Thursday
2025-05-29 19:00:00,2055.73,19:00,May,2025,Thursday
2025-05-29 20:00:00,2059.49,20:00,May,2025,Thursday
2025-05-29 21:00:00,1932.36,21:00,May,2025,Thursday
2025-05-29 22:00:00,1774.98,22:00,May,2025,Thursday
2025-05-29 23:00:00,1630.7,23:00,May,2025,Thursday
2025-05-30 00:00:00,1530.67,00:00,May,2025,Friday
2025-05-30 01:00:00,1474.14,01:00,May,2025,Friday
2025-05-30 02:00:00,1390.3,02:00,May,2025,Friday
2025-05-30 03:00:00,1324.2,03:00,May,2025,Friday
2025-05-30 04:00:00,1375.26,04:00,May,2025,Friday
2025-05-30 05:00:00,1443.98,05:00,May,2025,Friday
2025-05-30 06:00:00,1529.3,06:00,May,2025,Friday
2025-05-30 07:00:00,1606.32,07:00,May,2025,Friday
2025-05-30 08:00:00,1801.85,08:00,May,2025,Friday
2025-05-30 09:00:00,1858.61,09:00,May,2025,Friday
2025-05-30 10:00:00,1958.13,10:00,May,2025,Friday
2025-05-30 11:00:00,1950.61,11:00,May,2025,Friday
2025-05-30 12:00:00,2010.01,12:00,May,2025,Friday
2025-05-30 13:00:00,1947.81,13:00,May,2025,Friday
2025-05-30 14:00:00,1949.17,14:00,May,2025,Friday
2025-05-30 15:00:00,2024.49,15:00,May,2025,Friday
2025-05-30 16:00:00,2043.08,16:00,May,2025,Friday
2025-05-30 17:00:00,1987.5,17:00,May,2025,Friday
2025-05-30 18:00:00,1893.42,18:00,May,2025,Friday
2025-05-30 19:00:00,2081.24,19:00,May,2025,Friday
2025-05-30 20:00:00,2044.75,20:00,May,2025,Friday
2025-05-30 21:00:00,1965.93,21:00,May,2025,Friday
2025-05-30 22:00:00,1808.44,22:00,May,2025,Friday
2025-05-30 23:00:00,1645.98,23:00,May,2025,Friday
2025-05-31 00:00:00,1479.53,00:00,May,2025,Saturday
2025-05-31 01:00:00,1408.01,01:00,May,2025,Saturday
2025-05-31 02:00:00,1394.74,02:00,May,2025,Saturday
2025-05-31 03:00:00,1341.57,03:00,May,2025,Saturday
2025-05-31 04:00:00,1375.93,04:00,May,2025,Saturday
2025-05-31 05:00:00,1358.73,05:00,May,2025,Saturday
2025-05-31 06:00:00,1359.0,06:00,May,2025,Saturday
2025-05-31 07:00:00,1536.3,07:00,May,2025,Saturday
2025-05-31 08:00:00,1685.92,08:00,May,2025,Saturday
2025-05-31 09:00:00,1726.89,09:00,May,2025,Saturday
2025-05-31 10:00:00,1791.65,10:00,May,2025,Saturday
2025-05-31 11:00:00,1866.33,11:00,May,2025,Saturday
2025-05-31 12:00:00,1824.34,12:00,May,2025,Saturday
2025-05-31 13:00:00,1867.9,13:00,May,2025,Saturday
2025-05-31 14:00:00,1849.39,14:00,May,2025,Saturday
2025-05-31 15:00:00,1808.1,15:00,May,2025,Saturday
2025-05-31 16:00:00,1814.58,16:00,May,2025,Saturday
2025-05-31 17:00:00,1819.67,17:00,May,2025,Saturday
2025-05-31 18:00:00,1749.19,18:00,May,2025,Saturday
2025-05-31 19:00:00,1986.21,19:00,May,2025,Saturday
2025-05-31 20:00:00,1991.68,20:00,May,2025,Saturday
2025-05-31 21:00:00,1899.77,21:00,May,2025,Saturday
2025-05-31 22:00:00,1773.01,22:00,May,2025,Saturday
2025-05-31 23:00:00,1593.15,23:00,May,2025,Saturday
